{
  "estimator_name": "readout_freq_fidelity",
  "sweep_coord": "frequency",
  "sweep_values": [
    -2000000.0,
    -1800000.0,
    -1600000.0,
    -1400000.0,
    -1200000.0,
    -1000000.0,
    -800000.0,
    -600000.0,
    -400000.0,
    -200000.0,
    0.0,
    200000.0,
    400000.0,
    600000.0,
    800000.0,
    1000000.0,
    1200000.0,
    1400000.0,
    1600000.0,
    1800000.0,
    2000000.0
  ],
  "fidelity": [
    0.84275,
    0.86225,
    0.89125,
    0.9099999999999999,
    0.9285,
    0.9555,
    0.96625,
    0.98275,
    0.9885,
    0.9915,
    0.99125,
    0.98975,
    0.991,
    0.97975,
    0.97375,
    0.9564999999999999,
    0.9352499999999999,
    0.90675,
    0.88725,
    0.878,
    0.85175
  ],
  "snr": [
    2.5385910352879693,
    2.4267032964268402,
    2.6874192494328493,
    3.666666666666669,
    3.666666666666666,
    4.346134936801767,
    3.999999999999999,
    5.011098792790969,
    4.678556282539399,
    4.678556282539401,
    5.333333333333333,
    4.9999999999999964,
    4.333333333333332,
    4.346134936801767,
    4.0,
    3.6817870057290865,
    2.6666666666666665,
    2.6874192494328497,
    3.0731814857642936,
    2.357022603955158,
    2.1081851067789206
  ],
  "best_index": 9,
  "best_sweep_value": -200000.0,
  "best_fidelity": 0.9915,
  "success": true
}